frame,class_name,x1,y1,x2,y2
56,outside,1710,854,1889,1022
67,outside,1710,854,1889,1022
105,outside,1710,854,1889,1022
140,outside,1710,854,1889,1022
171,outside,1710,854,1889,1022
198,outside,1710,854,1889,1022
198,outside,333,93,478,151
205,outside,1710,854,1889,1022
205,outside,369,92,500,154
242,outside,1710,854,1889,1022
242,outside,501,82,650,147
262,outside,1710,854,1889,1022
262,outside,577,80,737,153
393,outside,1710,854,1889,1022
393,outside,1432,160,1592,255
416,outside,1710,854,1889,1022
455,outside,1710,854,1889,1022
501,outside,1710,854,1889,1022
542,outside,1710,854,1889,1022
640,outside,1710,854,1889,1022
663,outside,1710,854,1889,1022
695,outside,1710,854,1889,1022
782,outside,1710,854,1889,1022
782,outside,334,82,450,148
833,outside,1710,854,1889,1022
833,outside,396,87,517,157
859,outside,1710,854,1889,1022
859,outside,423,89,536,170
926,outside,1710,854,1889,1022
926,outside,493,118,604,216
957,outside,1710,854,1889,1022
957,outside,523,143,632,250
997,outside,1710,854,1889,1022
1160,outside,1710,854,1889,1022
1160,outside,469,434,596,642
1300,outside,1710,854,1889,1022
1306,outside,1710,854,1889,1022
1310,outside,1710,854,1889,1022
1365,outside,1710,854,1889,1022
1389,outside,1710,854,1889,1022
1408,outside,1710,854,1889,1022
1580,outside,1710,854,1889,1022
1630,outside,1710,854,1889,1022
1654,outside,1710,854,1889,1022
1669,outside,1710,854,1889,1022
1712,outside,1710,854,1889,1022
1725,outside,1710,854,1889,1022
1769,outside,1710,854,1889,1022
1797,outside,1710,854,1889,1022
1797,outside,334,91,422,152
1806,outside,1710,854,1889,1022
1806,outside,331,92,447,152
1838,outside,1710,854,1889,1022
1838,outside,385,89,514,160
1910,outside,1710,854,1889,1022
1910,outside,503,115,638,206
1921,outside,1710,854,1889,1022
1921,outside,521,120,661,211
1932,outside,1710,854,1889,1022
1932,outside,536,127,681,215
1982,outside,1710,854,1889,1022
1982,outside,590,132,755,221
2063,outside,1710,854,1889,1022
2063,outside,675,130,859,213
2088,outside,1710,854,1889,1022
2088,outside,699,125,878,210
2112,outside,1710,854,1889,1022
2112,outside,723,114,901,207
2133,outside,1710,854,1889,1022
2133,outside,739,109,918,203
2169,outside,1710,854,1889,1022
2169,outside,766,96,932,189
2391,outside,1710,854,1889,1022
2391,outside,669,133,796,234
2434,outside,1710,854,1889,1022
2434,outside,655,151,761,255
2537,outside,1710,854,1889,1022
2537,outside,380,90,507,162
2567,outside,1710,854,1889,1022
2567,outside,412,98,515,175
2634,outside,1710,854,1889,1022
2634,outside,440,126,517,224
2642,outside,1710,854,1889,1022
2642,outside,439,128,520,237
2644,outside,1710,854,1889,1022
2644,outside,443,138,515,230
2666,outside,1710,854,1889,1022
2666,outside,439,155,514,264
2668,outside,1710,854,1889,1022
2668,outside,439,155,514,264
2721,outside,1710,854,1889,1022
2721,outside,392,229,495,374
2771,outside,1710,854,1889,1022
2771,outside,346,316,467,483
2877,outside,1710,854,1889,1022
2877,outside,425,472,668,645
2919,outside,1710,854,1889,1022
2919,outside,530,502,811,642
2938,outside,1710,854,1889,1022
2938,outside,590,500,882,647
3012,outside,1710,854,1889,1022
3012,outside,802,537,1102,749
3033,outside,1710,854,1889,1022
3033,outside,849,560,1138,800
3058,outside,1710,854,1889,1022
3058,outside,887,584,1162,850
3117,outside,1710,854,1889,1022
3316,outside,1710,854,1889,1022
3321,outside,1710,854,1889,1022
3325,outside,1710,854,1889,1022
3345,outside,1710,854,1889,1022
3359,outside,1710,854,1889,1022
3397,outside,1710,854,1889,1022
3412,outside,1710,854,1889,1022
3412,outside,330,85,446,153
3443,outside,1710,854,1889,1022
3443,outside,343,76,498,154
3543,outside,1710,854,1889,1022
3543,outside,564,83,732,162
3580,outside,1710,854,1889,1022
3580,outside,672,85,858,178
3582,outside,1710,854,1889,1022
3582,outside,683,87,866,176
3603,outside,1710,854,1889,1022
3603,outside,758,88,946,187
3695,outside,1710,854,1889,1022
3695,outside,1203,143,1419,253
3757,outside,1710,854,1889,1022
3776,outside,1710,854,1889,1022
3826,outside,1710,854,1889,1022
3862,outside,1710,854,1889,1022
3872,outside,1710,854,1889,1022
3888,outside,1710,854,1889,1022
3938,outside,1710,854,1889,1022
3977,outside,1710,854,1889,1022
4002,outside,1710,854,1889,1022
4002,outside,1289,122,1490,243
4024,outside,1710,854,1889,1022
4024,outside,1152,106,1352,223
4110,outside,1710,854,1889,1022
4110,outside,745,67,944,171
4193,outside,1710,854,1889,1022
4193,outside,580,56,767,160
4226,outside,1710,854,1889,1022
4226,outside,580,56,767,160
4239,outside,1710,854,1889,1022
4239,outside,580,56,767,160
4312,outside,1710,854,1889,1022
4312,outside,580,56,767,160
4367,outside,1710,854,1889,1022
4367,outside,580,56,767,160
4447,outside,1710,854,1889,1022
4447,outside,580,56,767,160
4483,outside,1710,854,1889,1022
4483,outside,580,56,767,160
4520,outside,1710,854,1889,1022
4520,outside,580,56,767,160
4526,outside,1710,854,1889,1022
4526,outside,580,56,767,160
4538,outside,1710,854,1889,1022
4538,outside,580,56,767,160
4549,outside,1710,854,1889,1022
4549,outside,580,56,767,160
4549,outside,330,95,414,147
4565,outside,1710,854,1889,1022
4565,outside,580,56,767,160
4565,outside,324,95,440,158
4579,outside,1710,854,1889,1022
4579,outside,580,56,767,160
4579,outside,320,86,458,159
4588,outside,1710,854,1889,1022
4588,outside,580,56,767,160
4588,outside,337,91,472,160
4605,outside,1710,854,1889,1022
4605,outside,580,56,767,160
4605,outside,356,89,492,162
4615,outside,1710,854,1889,1022
4615,outside,580,56,767,160
4615,outside,369,89,505,164
4673,outside,1710,854,1889,1022
4673,outside,580,56,767,160
4673,outside,429,97,559,189
4682,outside,1710,854,1889,1022
4682,outside,580,56,767,160
4682,outside,440,103,577,195
4694,outside,1710,854,1889,1022
4694,outside,580,56,767,160
4694,outside,456,106,596,193
4709,outside,1710,854,1889,1022
4709,outside,580,56,767,160
4709,outside,477,104,627,198
4784,outside,1710,854,1889,1022
4784,outside,580,56,767,160
4784,outside,606,124,782,198
4802,outside,1710,854,1889,1022
4802,outside,580,56,767,160
4802,outside,635,122,819,198
4831,outside,1710,854,1889,1022
4831,outside,580,56,767,160
4831,outside,685,118,872,207
4885,outside,1710,854,1889,1022
4885,outside,580,56,767,160
4885,outside,763,125,931,243
4949,outside,1710,854,1889,1022
4949,outside,580,56,767,160
4961,outside,1710,854,1889,1022
4961,outside,580,56,767,160
4970,outside,1710,854,1889,1022
4970,outside,580,56,767,160
5010,outside,1710,854,1889,1022
5010,outside,580,56,767,160
5107,outside,1710,854,1889,1022
5107,outside,580,56,767,160
5191,outside,1710,854,1889,1022
5191,outside,580,56,767,160
5194,outside,1710,854,1889,1022
5194,outside,580,56,767,160
5259,outside,1710,854,1889,1022
5259,outside,580,56,767,160
5280,outside,1710,854,1889,1022
5280,outside,580,56,767,160
5301,outside,1710,854,1889,1022
5301,outside,580,56,767,160
5310,outside,1710,854,1889,1022
5310,outside,580,56,767,160
5350,outside,1710,854,1889,1022
5350,outside,580,56,767,160
5397,outside,1710,854,1889,1022
5397,outside,580,56,767,160
5402,outside,1710,854,1889,1022
5402,outside,580,56,767,160
5531,outside,1710,854,1889,1022
5531,outside,341,66,493,157
5587,outside,1710,854,1889,1022
5612,outside,1710,854,1889,1022
5640,outside,1710,854,1889,1022
5643,outside,1710,854,1889,1022
5709,outside,1710,854,1889,1022
5727,outside,1710,854,1889,1022
5801,outside,1710,854,1889,1022
5987,outside,1710,854,1889,1022
5987,outside,325,83,454,152
6009,outside,1710,854,1889,1022
6009,outside,343,84,486,155
6015,outside,1710,854,1889,1022
6015,outside,359,86,493,154
6078,outside,1710,854,1889,1022
6078,outside,428,90,566,174
6108,outside,1710,854,1889,1022
6108,outside,469,90,618,181
6128,outside,1710,854,1889,1022
6128,outside,500,93,660,183
6138,outside,1710,854,1889,1022
6138,outside,517,92,678,182
6142,outside,1710,854,1889,1022
6142,outside,523,92,685,185
6150,outside,1710,854,1889,1022
6150,outside,536,97,701,184
6170,outside,1710,854,1889,1022
6170,outside,577,97,747,187
6211,outside,1710,854,1889,1022
6211,outside,666,102,849,187
6368,outside,1710,854,1889,1022
6368,outside,1054,112,1257,210
6382,outside,1710,854,1889,1022
6382,outside,1142,131,1329,219
6446,outside,1710,854,1889,1022
6479,outside,1710,854,1889,1022
6533,outside,1710,854,1889,1022
6582,outside,1710,854,1889,1022
6618,outside,1710,854,1889,1022
6649,outside,1710,854,1889,1022
6708,outside,1710,854,1889,1022
6728,outside,1710,854,1889,1022
6747,outside,1710,854,1889,1022
6753,outside,1710,854,1889,1022
6766,outside,1710,854,1889,1022
6818,outside,1710,854,1889,1022
6885,outside,1710,854,1889,1022
6885,outside,449,86,595,165
6946,outside,1710,854,1889,1022
6946,outside,541,108,662,208
7003,outside,1710,854,1889,1022
7003,outside,566,137,656,256
7015,outside,1710,854,1889,1022
7015,outside,567,148,650,265
7044,outside,1710,854,1889,1022
7114,outside,1710,854,1889,1022
7134,outside,1710,854,1889,1022
7191,outside,1710,854,1889,1022
7215,outside,1710,854,1889,1022
7326,outside,1710,854,1889,1022
7340,outside,1710,854,1889,1022
7361,outside,1710,854,1889,1022
7465,outside,1710,854,1889,1022
7506,outside,1710,854,1889,1022
7526,outside,1710,854,1889,1022
7536,outside,1710,854,1889,1022
7537,outside,1710,854,1889,1022
7551,outside,1710,854,1889,1022
7589,outside,1710,854,1889,1022
7589,outside,1407,174,1586,265
7594,outside,1710,854,1889,1022
7594,outside,1378,172,1566,262
7608,outside,1710,854,1889,1022
7608,outside,1318,161,1505,255
7627,outside,1710,854,1889,1022
7627,outside,1242,157,1432,241
7728,outside,1710,854,1889,1022
7728,outside,896,168,1106,279
7792,outside,1710,854,1889,1022
7865,outside,1710,854,1889,1022
7886,outside,1710,854,1889,1022
7937,outside,1710,854,1889,1022
7960,outside,1710,854,1889,1022
7963,outside,1710,854,1889,1022
7983,outside,1710,854,1889,1022
7987,outside,1710,854,1889,1022
8179,outside,1710,854,1889,1022
8197,outside,1710,854,1889,1022
8197,outside,326,87,458,158
8210,outside,1710,854,1889,1022
8210,outside,360,87,482,154
8271,outside,1710,854,1889,1022
8271,outside,451,105,591,182
8302,outside,1710,854,1889,1022
8302,outside,503,112,654,193
8305,outside,1710,854,1889,1022
8305,outside,514,115,660,196
8325,outside,1710,854,1889,1022
8325,outside,552,120,710,202
8371,outside,1710,854,1889,1022
8371,outside,634,122,817,209
8382,outside,1710,854,1889,1022
8382,outside,659,122,840,212
8394,outside,1710,854,1889,1022
8394,outside,676,118,863,215
8444,outside,1710,854,1889,1022
8444,outside,741,131,941,213
8603,outside,1710,854,1889,1022
8603,outside,913,127,1114,205
8603,outside,507,81,628,159
8607,outside,1710,854,1889,1022
8607,outside,913,127,1114,205
8607,outside,507,81,628,159
8616,outside,1710,854,1889,1022
8616,outside,913,127,1114,205
8616,outside,514,86,642,159
8701,outside,1710,854,1889,1022
8701,outside,887,115,1084,207
8701,outside,534,83,662,162
8710,outside,1710,854,1889,1022
8710,outside,887,115,1084,207
8710,outside,534,83,662,162
8768,outside,1710,854,1889,1022
8768,outside,862,119,1050,211
8768,outside,531,82,665,165
8830,outside,1710,854,1889,1022
8830,outside,537,82,663,164
8830,outside,833,124,1012,219
8923,outside,1710,854,1889,1022
8923,outside,537,82,663,164
8923,outside,790,137,952,238
8976,outside,1710,854,1889,1022
8976,outside,537,82,663,164
8976,outside,772,142,920,253
9095,outside,1710,854,1889,1022
9095,outside,581,73,712,161
9095,outside,765,160,882,275
9098,outside,1710,854,1889,1022
9098,outside,581,73,712,161
9098,outside,765,160,882,275
9174,outside,1710,854,1889,1022
9174,outside,735,80,864,155
9180,outside,1710,854,1889,1022
9180,outside,752,79,882,155
9216,outside,1710,854,1889,1022
9216,outside,865,86,1006,183
9351,outside,1710,854,1889,1022
9351,outside,1514,179,1655,292
9393,outside,1710,854,1889,1022
9509,outside,1710,854,1889,1022
9686,outside,1710,854,1889,1022
9686,outside,1024,545,1263,715
9701,outside,1710,854,1889,1022
9701,outside,937,534,1173,699
9735,outside,1710,854,1889,1022
9735,outside,747,533,981,689
9794,outside,1710,854,1889,1022
9794,outside,529,524,746,678
9794,outside,793,144,896,251
9798,outside,1710,854,1889,1022
9798,outside,529,524,746,678
9798,outside,793,144,896,251
9807,outside,1710,854,1889,1022
9807,outside,493,513,712,665
9807,outside,793,139,897,242
9914,outside,1710,854,1889,1022
9914,outside,797,135,895,232
9973,outside,1710,854,1889,1022
9973,outside,797,135,895,232
10016,outside,1710,854,1889,1022
10016,outside,797,135,895,232
10044,outside,1710,854,1889,1022
10044,outside,797,135,895,232
10046,outside,1710,854,1889,1022
10046,outside,797,135,895,232
10056,outside,1710,854,1889,1022
10056,outside,790,149,887,257
10120,outside,1710,854,1889,1022
10120,outside,792,155,888,270
10158,outside,1710,854,1889,1022
10158,outside,795,166,890,285
10174,outside,1710,854,1889,1022
10217,outside,1710,854,1889,1022
10219,outside,1710,854,1889,1022
10288,outside,1710,854,1889,1022
10322,outside,1710,854,1889,1022
10347,outside,1710,854,1889,1022
10368,outside,1710,854,1889,1022
10395,outside,1710,854,1889,1022
10409,outside,1710,854,1889,1022
10460,outside,1710,854,1889,1022
10463,outside,1710,854,1889,1022
10493,outside,1710,854,1889,1022
10514,outside,1710,854,1889,1022
10569,outside,1710,854,1889,1022
10617,outside,1710,854,1889,1022
10619,outside,1710,854,1889,1022
10679,outside,1710,854,1889,1022
10689,outside,1710,854,1889,1022
10738,outside,1710,854,1889,1022
10762,outside,1710,854,1889,1022
10819,outside,1710,854,1889,1022
10846,outside,1710,854,1889,1022
10851,outside,1710,854,1889,1022
10903,outside,1710,854,1889,1022
10929,outside,1710,854,1889,1022
11026,outside,1710,854,1889,1022
11150,outside,1710,854,1889,1022
11245,outside,1710,854,1889,1022
11421,outside,1710,854,1889,1022
11435,outside,1710,854,1889,1022
11511,outside,1710,854,1889,1022
11556,outside,1710,854,1889,1022
11573,outside,1710,854,1889,1022
11633,outside,1710,854,1889,1022
11732,outside,1710,854,1889,1022
11738,outside,1710,854,1889,1022
11784,outside,1710,854,1889,1022
11789,outside,1710,854,1889,1022
11924,outside,1710,854,1889,1022
11939,outside,1710,854,1889,1022
11947,outside,1710,854,1889,1022
12055,outside,1710,854,1889,1022
12055,outside,320,89,424,155
12112,outside,1710,854,1889,1022
12112,outside,381,86,532,164
12163,outside,1710,854,1889,1022
12163,outside,467,95,620,186
12208,outside,1710,854,1889,1022
12208,outside,552,100,724,198
12323,outside,1710,854,1889,1022
12323,outside,812,123,1030,236
12475,outside,1710,854,1889,1022
12475,outside,961,130,1182,229
12487,outside,1710,854,1889,1022
12487,outside,968,128,1188,234
12495,outside,1710,854,1889,1022
12495,outside,967,122,1191,230
12508,outside,1710,854,1889,1022
12508,outside,983,122,1204,233
12521,outside,1710,854,1889,1022
12521,outside,1002,130,1210,229
12551,outside,1710,854,1889,1022
12551,outside,1034,123,1238,224
12582,outside,1710,854,1889,1022
12582,outside,1045,116,1247,224
12586,outside,1710,854,1889,1022
12586,outside,1045,116,1247,224
12602,outside,1710,854,1889,1022
12602,outside,1045,116,1247,224
12631,outside,1710,854,1889,1022
12631,outside,1045,116,1247,224
12651,outside,1710,854,1889,1022
12651,outside,1045,116,1247,224
12686,outside,1710,854,1889,1022
12686,outside,1045,116,1247,224
12751,outside,1710,854,1889,1022
12751,outside,1000,123,1207,232
12772,outside,1710,854,1889,1022
12772,outside,991,121,1195,233
12942,outside,1710,854,1889,1022
12942,outside,908,150,1069,278
12994,outside,1710,854,1889,1022
12994,outside,896,157,1051,290
13027,outside,1710,854,1889,1022
13027,outside,896,157,1051,290
13061,outside,1710,854,1889,1022
13061,outside,899,153,1050,273
13065,outside,1710,854,1889,1022
13065,outside,899,153,1050,273
13080,outside,1710,854,1889,1022
13080,outside,899,153,1050,273
13095,outside,1710,854,1889,1022
13095,outside,908,144,1058,271
13109,outside,1710,854,1889,1022
13109,outside,912,148,1062,272
13212,outside,1710,854,1889,1022
13212,outside,929,122,1055,232
13370,outside,1710,854,1889,1022
13370,outside,933,136,1043,253
13372,outside,1710,854,1889,1022
13372,outside,933,136,1043,253
13416,outside,1710,854,1889,1022
13416,outside,931,142,1035,264
13585,outside,1710,854,1889,1022
13585,outside,922,162,1039,290
13647,outside,1710,854,1889,1022
13760,outside,1710,854,1889,1022
13797,outside,1710,854,1889,1022
13804,outside,1710,854,1889,1022
13833,outside,1710,854,1889,1022
13856,outside,1710,854,1889,1022
13859,outside,1710,854,1889,1022
13901,outside,1710,854,1889,1022
13910,outside,1710,854,1889,1022
13931,outside,1710,854,1889,1022
13964,outside,1710,854,1889,1022
13964,outside,336,96,431,150
13999,outside,1710,854,1889,1022
13999,outside,406,92,544,156
14035,outside,1710,854,1889,1022
14035,outside,526,89,677,162
14038,outside,1710,854,1889,1022
14038,outside,535,90,691,162
14051,outside,1710,854,1889,1022
14051,outside,586,91,748,167
14070,outside,1710,854,1889,1022
14070,outside,668,93,835,173
14140,outside,1710,854,1889,1022
14140,outside,957,112,1152,202
14210,outside,1710,854,1889,1022
14210,outside,1139,151,1319,270
14297,outside,1710,854,1889,1022
14314,outside,1710,854,1889,1022
14358,outside,1710,854,1889,1022
14371,outside,1710,854,1889,1022
14403,outside,1710,854,1889,1022
14410,outside,1710,854,1889,1022
14422,outside,1710,854,1889,1022
14462,outside,1710,854,1889,1022
14476,outside,1710,854,1889,1022
14483,outside,1710,854,1889,1022
14552,outside,1710,854,1889,1022
14607,outside,1710,854,1889,1022
14639,outside,1710,854,1889,1022
14658,outside,1710,854,1889,1022
14724,outside,1710,854,1889,1022
14724,outside,323,72,426,148
14752,outside,1710,854,1889,1022
14752,outside,340,68,503,154
14755,outside,1710,854,1889,1022
14755,outside,340,68,503,154
14763,outside,1710,854,1889,1022
14763,outside,373,68,526,159
14820,outside,1710,854,1889,1022
14820,outside,462,87,567,228
14938,outside,1710,854,1889,1022
14938,outside,336,297,478,526
14945,outside,1710,854,1889,1022
14945,outside,343,316,477,549
14965,outside,1710,854,1889,1022
14965,outside,357,364,514,605
15032,outside,1710,854,1889,1022
15032,outside,541,482,877,706
15033,outside,1710,854,1889,1022
15033,outside,541,482,877,706
15040,outside,1710,854,1889,1022
15040,outside,585,490,929,709
15110,outside,1710,854,1889,1022
15110,outside,941,519,1303,747
15138,outside,1710,854,1889,1022
15138,outside,1062,539,1424,793
15185,outside,1710,854,1889,1022
15185,outside,1254,594,1608,874
15200,outside,1710,854,1889,1022
15200,outside,1312,616,1663,890
15277,outside,1710,854,1889,1022
15277,outside,1575,691,1878,891
15286,outside,1710,854,1889,1022
15286,outside,1598,693,1890,899
15327,outside,1710,854,1889,1022
15327,outside,1654,696,1909,892
15397,outside,1710,854,1889,1022
15397,outside,1654,696,1909,892
15422,outside,1710,854,1889,1022
15422,outside,1665,693,1909,889
15444,outside,1710,854,1889,1022
15444,outside,1665,693,1909,889
15521,outside,1710,854,1889,1022
15521,outside,1665,693,1909,889
15544,outside,1710,854,1889,1022
15544,outside,1665,693,1909,889
15627,outside,1710,854,1889,1022
15627,outside,1665,693,1909,889
15663,outside,1710,854,1889,1022
15663,outside,1665,693,1909,889
15672,outside,1710,854,1889,1022
15672,outside,1665,693,1909,889
15709,outside,1710,854,1889,1022
15709,outside,1665,693,1909,889
15709,outside,1346,147,1524,253
15712,outside,1710,854,1889,1022
15712,outside,1665,693,1909,889
15712,outside,1331,142,1510,245
15722,outside,1710,854,1889,1022
15722,outside,1665,693,1909,889
15722,outside,1291,145,1474,239
15749,outside,1710,854,1889,1022
15749,outside,1665,693,1909,889
15749,outside,1220,128,1399,223
15779,outside,1710,854,1889,1022
15779,outside,1665,693,1909,889
15779,outside,1159,135,1341,220
15815,outside,1710,854,1889,1022
15815,outside,1665,693,1909,889
15815,outside,1111,128,1297,230
15847,outside,1710,854,1889,1022
15847,outside,1665,693,1909,889
15847,outside,1082,135,1259,248
15945,outside,1710,854,1889,1022
15945,outside,1665,693,1909,889
15945,outside,1069,156,1205,305
15955,outside,1710,854,1889,1022
15955,outside,1665,693,1909,889
15955,outside,1072,160,1206,310
15975,outside,1710,854,1889,1022
15975,outside,1665,693,1909,889
16003,outside,1710,854,1889,1022
16003,outside,1665,693,1909,889
16011,outside,1710,854,1889,1022
16011,outside,1665,693,1909,889
16019,outside,1710,854,1889,1022
16019,outside,1665,693,1909,889
16039,outside,1710,854,1889,1022
16039,outside,1665,693,1909,889
16073,outside,1710,854,1889,1022
16073,outside,1665,693,1909,889
16073,outside,326,93,443,156
16076,outside,1710,854,1889,1022
16076,outside,1665,693,1909,889
16076,outside,338,88,452,157
16079,outside,1710,854,1889,1022
16079,outside,1665,693,1909,889
16079,outside,339,90,459,156
16118,outside,1710,854,1889,1022
16118,outside,1665,693,1909,889
16118,outside,423,88,550,157
16165,outside,1710,854,1889,1022
16165,outside,1665,693,1909,889
16165,outside,544,87,683,162
16192,outside,1710,854,1889,1022
16192,outside,1665,693,1909,889
16192,outside,617,92,767,170
16233,outside,1710,854,1889,1022
16233,outside,1665,693,1909,889
16233,outside,746,96,899,177
16235,outside,1710,854,1889,1022
16235,outside,1665,693,1909,889
16235,outside,751,96,908,179
16276,outside,1710,854,1889,1022
16276,outside,1665,693,1909,889
16276,outside,888,103,1052,192
16293,outside,1710,854,1889,1022
16293,outside,1665,693,1909,889
16293,outside,949,109,1113,203
16295,outside,1710,854,1889,1022
16295,outside,1665,693,1909,889
16295,outside,962,108,1120,198
16325,outside,1710,854,1889,1022
16325,outside,1665,693,1909,889
16325,outside,1068,121,1234,216
16361,outside,1710,854,1889,1022
16361,outside,1665,693,1909,889
16361,outside,1215,140,1375,241
16383,outside,1710,854,1889,1022
16383,outside,1665,693,1909,889
16383,outside,1298,154,1462,252
16401,outside,1710,854,1889,1022
16401,outside,1665,693,1909,889
16401,outside,1366,161,1525,256
16438,outside,1710,854,1889,1022
16438,outside,1665,693,1909,889
16438,outside,1495,184,1654,291
16438,outside,1094,165,1221,310
16487,outside,1710,854,1889,1022
16487,outside,1665,693,1909,889
16487,outside,1081,157,1217,303
16505,outside,1710,854,1889,1022
16505,outside,1665,693,1909,889
16505,outside,1081,157,1217,303
16506,outside,1710,854,1889,1022
16506,outside,1665,693,1909,889
16506,outside,1081,157,1217,303
16562,outside,1710,854,1889,1022
16562,outside,1665,693,1909,889
16562,outside,1073,148,1211,285
16571,outside,1710,854,1889,1022
16571,outside,1665,693,1909,889
16571,outside,1073,148,1211,285
16576,outside,1710,854,1889,1022
16576,outside,1665,693,1909,889
16576,outside,1073,148,1211,285
16723,outside,1710,854,1889,1022
16723,outside,1665,693,1909,889
16723,outside,1051,121,1178,247
16823,outside,1710,854,1889,1022
16823,outside,1665,693,1909,889
16823,outside,1065,137,1170,280
16961,outside,1710,854,1889,1022
16961,outside,1665,693,1909,889
17016,outside,1710,854,1889,1022
17016,outside,1665,693,1909,889
17079,outside,1710,854,1889,1022
17079,outside,1665,693,1909,889
17119,outside,1710,854,1889,1022
17119,outside,1665,693,1909,889
17148,outside,1710,854,1889,1022
17148,outside,1665,693,1909,889
17197,outside,1710,854,1889,1022
17197,outside,1665,693,1909,889
17249,outside,1710,854,1889,1022
17249,outside,1665,693,1909,889
17291,outside,1710,854,1889,1022
17291,outside,1665,693,1909,889
17330,outside,1710,854,1889,1022
17330,outside,1665,693,1909,889
17362,outside,1710,854,1889,1022
17362,outside,1665,693,1909,889
17365,outside,1710,854,1889,1022
17365,outside,1665,693,1909,889
17367,outside,1710,854,1889,1022
17367,outside,1665,693,1909,889
17373,outside,1710,854,1889,1022
17373,outside,1665,693,1909,889
17389,outside,1710,854,1889,1022
17389,outside,1665,693,1909,889
17400,outside,1710,854,1889,1022
17400,outside,1665,693,1909,889
17400,outside,323,85,428,154
17410,outside,1710,854,1889,1022
17410,outside,1665,693,1909,889
17410,outside,327,90,444,154
17427,outside,1710,854,1889,1022
17427,outside,1665,693,1909,889
17427,outside,335,86,477,157
17437,outside,1710,854,1889,1022
17437,outside,1665,693,1909,889
17437,outside,352,88,493,156
17438,outside,1710,854,1889,1022
17438,outside,1665,693,1909,889
17438,outside,352,88,493,156
17515,outside,1710,854,1889,1022
17515,outside,1665,693,1909,889
17515,outside,457,120,551,219
17515,outside,1379,105,1668,296
17516,outside,1710,854,1889,1022
17516,outside,1665,693,1909,889
17516,outside,457,120,551,219
17516,outside,1379,105,1668,296
17526,outside,1710,854,1889,1022
17526,outside,1665,693,1909,889
17526,outside,453,130,539,238
17526,outside,1344,101,1638,278
17531,outside,1710,854,1889,1022
17531,outside,1665,693,1909,889
17531,outside,451,136,534,247
17531,outside,1318,97,1623,271
17539,outside,1710,854,1889,1022
17539,outside,1665,693,1909,889
17539,outside,1291,92,1582,264
17539,outside,441,147,534,263
17576,outside,1710,854,1889,1022
17576,outside,1665,693,1909,889
17576,outside,1141,78,1441,235
17576,outside,406,194,518,326
17619,outside,1710,854,1889,1022
17619,outside,1665,693,1909,889
17619,outside,943,64,1248,203
17619,outside,369,254,490,409
17692,outside,1710,854,1889,1022
17692,outside,1665,693,1909,889
17692,outside,620,52,900,176
17692,outside,372,380,513,572
17721,outside,1710,854,1889,1022
17721,outside,1665,693,1909,889
17721,outside,518,52,782,171
17721,outside,415,441,643,628
17730,outside,1710,854,1889,1022
17730,outside,1665,693,1909,889
17730,outside,493,51,741,166
17730,outside,443,460,699,637
17784,outside,1710,854,1889,1022
17784,outside,1665,693,1909,889
17784,outside,351,54,558,155
17784,outside,858,532,1186,696
17837,outside,1710,854,1889,1022
17837,outside,1665,693,1909,889
17837,outside,1358,582,1657,742
17871,outside,1710,854,1889,1022
17871,outside,1665,693,1909,889
17871,outside,1584,598,1844,738
17878,outside,1710,854,1889,1022
17878,outside,1665,693,1909,889
17878,outside,1629,598,1868,726
17917,outside,1710,854,1889,1022
17917,outside,1665,693,1909,889
17917,outside,1778,548,1909,704
17949,outside,1710,854,1889,1022
17949,outside,1665,693,1909,889
17949,outside,1832,485,1909,657
18007,outside,1710,854,1889,1022
18007,outside,1665,693,1909,889
18026,outside,1710,854,1889,1022
18026,outside,1665,693,1909,889
18054,outside,1710,854,1889,1022
18054,outside,1665,693,1909,889
18134,outside,1710,854,1889,1022
18134,outside,1665,693,1909,889
18135,outside,1710,854,1889,1022
18135,outside,1665,693,1909,889
18150,outside,1710,854,1889,1022
18150,outside,1665,693,1909,889
18162,outside,1710,854,1889,1022
18162,outside,1665,693,1909,889
18203,outside,1710,854,1889,1022
18203,outside,1665,693,1909,889
18240,outside,1710,854,1889,1022
18240,outside,1665,693,1909,889
18247,outside,1710,854,1889,1022
18247,outside,1665,693,1909,889
18259,outside,1710,854,1889,1022
18259,outside,1665,693,1909,889
18261,outside,1710,854,1889,1022
18261,outside,1665,693,1909,889
18265,outside,1710,854,1889,1022
18265,outside,1665,693,1909,889
18280,outside,1710,854,1889,1022
18280,outside,1665,693,1909,889
18284,outside,1710,854,1889,1022
18284,outside,1665,693,1909,889
18288,outside,1710,854,1889,1022
18288,outside,1665,693,1909,889
18309,outside,1710,854,1889,1022
18309,outside,1665,693,1909,889
18322,outside,1710,854,1889,1022
18322,outside,1665,693,1909,889
18357,outside,1710,854,1889,1022
18357,outside,1665,693,1909,889
18357,outside,321,82,451,155
18495,outside,1710,854,1889,1022
18495,outside,1665,693,1909,889
18495,outside,604,88,786,174
18558,outside,1710,854,1889,1022
18558,outside,1665,693,1909,889
18558,outside,795,103,987,193
18566,outside,1710,854,1889,1022
18566,outside,1665,693,1909,889
18566,outside,818,103,1014,198
18576,outside,1710,854,1889,1022
18576,outside,1665,693,1909,889
18576,outside,850,113,1048,195
18628,outside,1710,854,1889,1022
18628,outside,1665,693,1909,889
18628,outside,1015,123,1220,220
18664,outside,1710,854,1889,1022
18664,outside,1665,693,1909,889
18664,outside,1121,123,1330,235
18706,outside,1710,854,1889,1022
18706,outside,1665,693,1909,889
18706,outside,1238,134,1438,246
18724,outside,1710,854,1889,1022
18724,outside,1665,693,1909,889
18724,outside,1282,138,1482,256
18755,outside,1710,854,1889,1022
18755,outside,1665,693,1909,889
18755,outside,1364,149,1556,267
18833,outside,1710,854,1889,1022
18833,outside,1665,693,1909,889
18906,outside,1710,854,1889,1022
18906,outside,1665,693,1909,889
18911,outside,1710,854,1889,1022
18911,outside,1665,693,1909,889
18918,outside,1710,854,1889,1022
18918,outside,1665,693,1909,889
18944,outside,1710,854,1889,1022
18944,outside,1665,693,1909,889
18995,outside,1710,854,1889,1022
18995,outside,1665,693,1909,889
19117,outside,1710,854,1889,1022
19117,outside,1665,693,1909,889
19157,outside,1710,854,1889,1022
19157,outside,1665,693,1909,889
19175,outside,1710,854,1889,1022
19175,outside,1665,693,1909,889
19243,outside,1710,854,1889,1022
19243,outside,1665,693,1909,889
19264,outside,1710,854,1889,1022
19264,outside,1665,693,1909,889
19313,outside,1710,854,1889,1022
19313,outside,1665,693,1909,889
19406,outside,1710,854,1889,1022
19406,outside,1665,693,1909,889
19444,outside,1710,854,1889,1022
19444,outside,1665,693,1909,889
19475,outside,1710,854,1889,1022
19475,outside,1665,693,1909,889
19517,outside,1710,854,1889,1022
19517,outside,1665,693,1909,889
19588,outside,1710,854,1889,1022
19588,outside,1665,693,1909,889
19599,outside,1710,854,1889,1022
19599,outside,1665,693,1909,889
19650,outside,1710,854,1889,1022
19650,outside,1665,693,1909,889
19690,outside,1710,854,1889,1022
19690,outside,1665,693,1909,889
19711,outside,1710,854,1889,1022
19711,outside,1665,693,1909,889
19753,outside,1710,854,1889,1022
19753,outside,1665,693,1909,889
19794,outside,1710,854,1889,1022
19794,outside,1665,693,1909,889
19839,outside,1710,854,1889,1022
19839,outside,1665,693,1909,889
19855,outside,1710,854,1889,1022
19855,outside,1665,693,1909,889
19942,outside,1710,854,1889,1022
19942,outside,1665,693,1909,889
19944,outside,1710,854,1889,1022
19944,outside,1665,693,1909,889
19958,outside,1710,854,1889,1022
19958,outside,1665,693,1909,889
20030,outside,1710,854,1889,1022
20030,outside,1665,693,1909,889
20043,outside,1710,854,1889,1022
20043,outside,1665,693,1909,889
20097,outside,1710,854,1889,1022
20097,outside,1665,693,1909,889
20124,outside,1710,854,1889,1022
20124,outside,1665,693,1909,889
20183,outside,1710,854,1889,1022
20183,outside,1665,693,1909,889
20189,outside,1710,854,1889,1022
20189,outside,1665,693,1909,889
20232,outside,1710,854,1889,1022
20232,outside,1665,693,1909,889
20299,outside,1710,854,1889,1022
20299,outside,1665,693,1909,889
20373,outside,1710,854,1889,1022
20373,outside,1665,693,1909,889
20395,outside,1710,854,1889,1022
20395,outside,1665,693,1909,889
20414,outside,1710,854,1889,1022
20414,outside,1665,693,1909,889
20458,outside,1710,854,1889,1022
20458,outside,1665,693,1909,889
20458,outside,358,88,479,151
20474,outside,1710,854,1889,1022
20474,outside,1665,693,1909,889
20474,outside,387,84,508,151
20582,outside,1710,854,1889,1022
20582,outside,1665,693,1909,889
20582,outside,565,82,702,157
20587,outside,1710,854,1889,1022
20587,outside,1665,693,1909,889
20587,outside,575,83,711,160
20602,outside,1710,854,1889,1022
20602,outside,1665,693,1909,889
20602,outside,602,83,745,161
20620,outside,1710,854,1889,1022
20620,outside,1665,693,1909,889
20620,outside,635,84,781,162
20642,outside,1710,854,1889,1022
20642,outside,1665,693,1909,889
20642,outside,680,87,830,168
20652,outside,1710,854,1889,1022
20652,outside,1665,693,1909,889
20652,outside,704,88,853,167
20703,outside,1710,854,1889,1022
20703,outside,1665,693,1909,889
20703,outside,826,97,981,177
20709,outside,1710,854,1889,1022
20709,outside,1665,693,1909,889
20709,outside,838,100,997,178
20750,outside,1710,854,1889,1022
20750,outside,1665,693,1909,889
20750,outside,943,107,1105,191
20763,outside,1710,854,1889,1022
20763,outside,1665,693,1909,889
20763,outside,983,112,1144,195
20824,outside,1710,854,1889,1022
20824,outside,1665,693,1909,889
20824,outside,1146,126,1310,216
20982,outside,1710,854,1889,1022
20982,outside,1665,693,1909,889
20982,outside,1521,179,1659,269
21070,outside,1710,854,1889,1022
21070,outside,1665,693,1909,889
21148,outside,1710,854,1889,1022
21148,outside,1665,693,1909,889
21152,outside,1710,854,1889,1022
21152,outside,1665,693,1909,889
21153,outside,1710,854,1889,1022
21153,outside,1665,693,1909,889
21216,outside,1710,854,1889,1022
21216,outside,1665,693,1909,889
21273,outside,1710,854,1889,1022
21273,outside,1665,693,1909,889
21282,outside,1710,854,1889,1022
21282,outside,1665,693,1909,889
21330,outside,1710,854,1889,1022
21330,outside,1665,693,1909,889
21406,outside,1710,854,1889,1022
21406,outside,1665,693,1909,889
21450,outside,1710,854,1889,1022
21450,outside,1665,693,1909,889
21483,outside,1710,854,1889,1022
21483,outside,1665,693,1909,889
21542,outside,1710,854,1889,1022
21542,outside,1665,693,1909,889
21542,outside,327,88,463,156
21644,outside,1710,854,1889,1022
21644,outside,1665,693,1909,889
21644,outside,655,107,832,187
21669,outside,1710,854,1889,1022
21669,outside,1665,693,1909,889
21669,outside,768,119,951,198
21684,outside,1710,854,1889,1022
21684,outside,1665,693,1909,889
21684,outside,841,118,1036,206
21708,outside,1710,854,1889,1022
21708,outside,1665,693,1909,889
21708,outside,963,127,1162,217
21714,outside,1710,854,1889,1022
21714,outside,1665,693,1909,889
21714,outside,997,134,1199,221
21732,outside,1710,854,1889,1022
21732,outside,1665,693,1909,889
21732,outside,1091,144,1292,237
21800,outside,1710,854,1889,1022
21800,outside,1665,693,1909,889
21800,outside,1421,178,1606,285
21873,outside,1710,854,1889,1022
21873,outside,1665,693,1909,889
21889,outside,1710,854,1889,1022
21889,outside,1665,693,1909,889
21996,outside,1710,854,1889,1022
21996,outside,1665,693,1909,889
22040,outside,1710,854,1889,1022
22040,outside,1665,693,1909,889
22058,outside,1710,854,1889,1022
22058,outside,1665,693,1909,889
22076,outside,1710,854,1889,1022
22076,outside,1665,693,1909,889
22089,outside,1710,854,1889,1022
22089,outside,1665,693,1909,889
22148,outside,1710,854,1889,1022
22148,outside,1665,693,1909,889
22186,outside,1710,854,1889,1022
22186,outside,1665,693,1909,889
22266,outside,1710,854,1889,1022
22266,outside,1665,693,1909,889
22304,outside,1710,854,1889,1022
22304,outside,1665,693,1909,889
22304,outside,317,80,442,158
22323,outside,1710,854,1889,1022
22323,outside,1665,693,1909,889
22323,outside,368,88,480,165
22328,outside,1710,854,1889,1022
22328,outside,1665,693,1909,889
22328,outside,380,91,491,174
22334,outside,1710,854,1889,1022
22334,outside,1665,693,1909,889
22334,outside,394,90,495,178
22358,outside,1710,854,1889,1022
22358,outside,1665,693,1909,889
22358,outside,418,122,504,215
22392,outside,1710,854,1889,1022
22392,outside,1665,693,1909,889
22392,outside,395,192,490,312
22501,outside,1710,854,1889,1022
22501,outside,1665,693,1909,889
22501,outside,394,448,582,633
22558,outside,1710,854,1889,1022
22558,outside,1665,693,1909,889
22558,outside,532,521,758,716
22571,outside,1710,854,1889,1022
22571,outside,1665,693,1909,889
22571,outside,567,541,789,747
22684,outside,1710,854,1889,1022
22684,outside,1665,693,1909,889
22784,outside,1710,854,1889,1022
22784,outside,1665,693,1909,889
22833,outside,1710,854,1889,1022
22833,outside,1665,693,1909,889
22902,outside,1710,854,1889,1022
22902,outside,1665,693,1909,889
22945,outside,1710,854,1889,1022
22945,outside,1665,693,1909,889
22965,outside,1710,854,1889,1022
22965,outside,1665,693,1909,889
23042,outside,1710,854,1889,1022
23042,outside,1665,693,1909,889
23082,outside,1710,854,1889,1022
23082,outside,1665,693,1909,889
23086,outside,1710,854,1889,1022
23086,outside,1665,693,1909,889
23208,outside,1710,854,1889,1022
23208,outside,1665,693,1909,889
23249,outside,1710,854,1889,1022
23249,outside,1665,693,1909,889
23283,outside,1710,854,1889,1022
23283,outside,1665,693,1909,889
23313,outside,1710,854,1889,1022
23313,outside,1665,693,1909,889
23479,outside,1710,854,1889,1022
23479,outside,1665,693,1909,889
23556,outside,1710,854,1889,1022
23556,outside,1665,693,1909,889
23556,outside,717,457,975,665
23680,outside,1710,854,1889,1022
23680,outside,1665,693,1909,889
23680,outside,1461,590,1732,740
23730,outside,1710,854,1889,1022
23730,outside,1665,693,1909,889
23730,outside,1705,585,1909,710
23739,outside,1710,854,1889,1022
23739,outside,1665,693,1909,889
23739,outside,1736,575,1909,712
23753,outside,1710,854,1889,1022
23753,outside,1665,693,1909,889
23753,outside,1789,553,1909,702
23766,outside,1710,854,1889,1022
23766,outside,1665,693,1909,889
23766,outside,1813,527,1909,684
23818,outside,1710,854,1889,1022
23818,outside,1665,693,1909,889
23899,outside,1710,854,1889,1022
23899,outside,1665,693,1909,889
23927,outside,1710,854,1889,1022
23927,outside,1665,693,1909,889
23939,outside,1710,854,1889,1022
23939,outside,1665,693,1909,889
24205,outside,1710,854,1889,1022
24205,outside,1665,693,1909,889
24205,outside,403,183,498,304
24214,outside,1710,854,1889,1022
24214,outside,1665,693,1909,889
24214,outside,398,199,493,321
24226,outside,1710,854,1889,1022
24226,outside,1665,693,1909,889
24226,outside,386,220,487,347
24247,outside,1710,854,1889,1022
24247,outside,1665,693,1909,889
24247,outside,370,257,474,390
24290,outside,1710,854,1889,1022
24290,outside,1665,693,1909,889
24290,outside,352,328,460,485
24315,outside,1710,854,1889,1022
24315,outside,1665,693,1909,889
24315,outside,364,367,474,529
24502,outside,1710,854,1889,1022
24502,outside,1665,693,1909,889
24502,outside,808,487,1047,652
24534,outside,1710,854,1889,1022
24534,outside,1665,693,1909,889
24534,outside,826,488,1069,661
24626,outside,1710,854,1889,1022
24626,outside,1665,693,1909,889
24626,outside,771,484,1003,663
24626,outside,332,90,469,157
24837,outside,1710,854,1889,1022
24837,outside,1665,693,1909,889
24837,outside,373,273,490,426
24866,outside,1710,854,1889,1022
24866,outside,1665,693,1909,889
24866,outside,368,321,480,495
24867,outside,1710,854,1889,1022
24867,outside,1665,693,1909,889
24867,outside,373,327,478,499
24874,outside,1710,854,1889,1022
24874,outside,1665,693,1909,889
24874,outside,371,339,482,513
24876,outside,1710,854,1889,1022
24876,outside,1665,693,1909,889
24876,outside,374,339,479,510
24877,outside,1710,854,1889,1022
24877,outside,1665,693,1909,889
24877,outside,374,339,479,510
24897,outside,1710,854,1889,1022
24897,outside,1665,693,1909,889
24897,outside,374,371,504,562
24928,outside,1710,854,1889,1022
24928,outside,1665,693,1909,889
24928,outside,394,428,568,606
24941,outside,1710,854,1889,1022
24941,outside,1665,693,1909,889
24941,outside,407,440,614,618
24958,outside,1710,854,1889,1022
24958,outside,1665,693,1909,889
24958,outside,441,462,684,633
25039,outside,1710,854,1889,1022
25039,outside,1665,693,1909,889
25039,outside,838,527,1158,697
25100,outside,1710,854,1889,1022
25100,outside,1665,693,1909,889
25100,outside,1316,586,1604,732
25132,outside,1710,854,1889,1022
25132,outside,1665,693,1909,889
25132,outside,1526,593,1780,730
25168,outside,1710,854,1889,1022
25168,outside,1665,693,1909,889
25168,outside,1694,589,1909,706
25194,outside,1710,854,1889,1022
25194,outside,1665,693,1909,889
25194,outside,1779,566,1909,704
25246,outside,1710,854,1889,1022
25246,outside,1665,693,1909,889
25246,outside,1878,531,1909,600
25274,outside,1710,854,1889,1022
25274,outside,1665,693,1909,889
25514,outside,1710,854,1889,1022
25514,outside,1665,693,1909,889
25554,outside,1710,854,1889,1022
25554,outside,1665,693,1909,889
25588,outside,1710,854,1889,1022
25588,outside,1665,693,1909,889
25616,outside,1710,854,1889,1022
25616,outside,1665,693,1909,889
25616,outside,1553,224,1687,363
25852,outside,1710,854,1889,1022
25852,outside,1665,693,1909,889
25852,outside,1430,173,1586,288
25958,outside,1710,854,1889,1022
25958,outside,1665,693,1909,889
25958,outside,1167,162,1375,258
25968,outside,1710,854,1889,1022
25968,outside,1665,693,1909,889
25968,outside,1124,158,1333,248
26025,outside,1710,854,1889,1022
26025,outside,1665,693,1909,889
26025,outside,853,127,1059,216
26143,outside,1710,854,1889,1022
26143,outside,1665,693,1909,889
26143,outside,480,97,628,171
26178,outside,1710,854,1889,1022
26178,outside,1665,693,1909,889
26178,outside,420,92,556,165
26205,outside,1710,854,1889,1022
26205,outside,1665,693,1909,889
26205,outside,382,89,519,162
26221,outside,1710,854,1889,1022
26221,outside,1665,693,1909,889
26221,outside,368,92,498,159
26223,outside,1710,854,1889,1022
26223,outside,1665,693,1909,889
26223,outside,368,92,498,159
26274,outside,1710,854,1889,1022
26274,outside,1665,693,1909,889
26274,outside,341,92,456,158
26290,outside,1710,854,1889,1022
26290,outside,1665,693,1909,889
26290,outside,338,92,445,160
26312,outside,1710,854,1889,1022
26312,outside,1665,693,1909,889
26312,outside,330,92,427,157
26320,outside,1710,854,1889,1022
26320,outside,1665,693,1909,889
26320,outside,330,92,427,157
26401,outside,1710,854,1889,1022
26401,outside,1665,693,1909,889
26408,outside,1710,854,1889,1022
26408,outside,1665,693,1909,889
26416,outside,1710,854,1889,1022
26416,outside,1665,693,1909,889
26491,outside,1710,854,1889,1022
26491,outside,1665,693,1909,889
26518,outside,1710,854,1889,1022
26518,outside,1665,693,1909,889
26527,outside,1710,854,1889,1022
26527,outside,1665,693,1909,889
26532,outside,1710,854,1889,1022
26532,outside,1665,693,1909,889
26642,outside,1710,854,1889,1022
26642,outside,1665,693,1909,889
26662,outside,1710,854,1889,1022
26662,outside,1665,693,1909,889
26664,outside,1710,854,1889,1022
26664,outside,1665,693,1909,889
26665,outside,1710,854,1889,1022
26665,outside,1665,693,1909,889
26707,outside,1710,854,1889,1022
26707,outside,1665,693,1909,889
26742,outside,1710,854,1889,1022
26742,outside,1665,693,1909,889
26768,outside,1710,854,1889,1022
26768,outside,1665,693,1909,889
26791,outside,1710,854,1889,1022
26791,outside,1665,693,1909,889
26794,outside,1710,854,1889,1022
26794,outside,1665,693,1909,889
26802,outside,1710,854,1889,1022
26802,outside,1665,693,1909,889
26971,outside,1710,854,1889,1022
26971,outside,1665,693,1909,889
27007,outside,1710,854,1889,1022
27007,outside,1665,693,1909,889
27012,outside,1710,854,1889,1022
27012,outside,1665,693,1909,889
27050,outside,1710,854,1889,1022
27050,outside,1665,693,1909,889
27112,outside,1710,854,1889,1022
27112,outside,1665,693,1909,889
27112,outside,614,585,833,826
27190,outside,1710,854,1889,1022
27190,outside,1665,693,1909,889
27190,outside,648,529,888,745
27218,outside,1710,854,1889,1022
27218,outside,1665,693,1909,889
27218,outside,668,519,903,725
27223,outside,1710,854,1889,1022
27223,outside,1665,693,1909,889
27223,outside,668,519,903,725
27259,outside,1710,854,1889,1022
27259,outside,1665,693,1909,889
27259,outside,668,519,903,725
27278,outside,1710,854,1889,1022
27278,outside,1665,693,1909,889
27278,outside,645,518,889,722
27304,outside,1710,854,1889,1022
27304,outside,1665,693,1909,889
27304,outside,581,542,812,722
27490,outside,1710,854,1889,1022
27490,outside,1665,693,1909,889
27490,outside,385,96,473,165
27504,outside,1710,854,1889,1022
27504,outside,1665,693,1909,889
27504,outside,331,86,435,157
27523,outside,1710,854,1889,1022
27523,outside,1665,693,1909,889
27558,outside,1710,854,1889,1022
27558,outside,1665,693,1909,889
27564,outside,1710,854,1889,1022
27564,outside,1665,693,1909,889
27584,outside,1710,854,1889,1022
27584,outside,1665,693,1909,889
27657,outside,1710,854,1889,1022
27657,outside,1665,693,1909,889
27678,outside,1710,854,1889,1022
27678,outside,1665,693,1909,889
27681,outside,1710,854,1889,1022
27681,outside,1665,693,1909,889
27696,outside,1710,854,1889,1022
27696,outside,1665,693,1909,889
27726,outside,1710,854,1889,1022
27726,outside,1665,693,1909,889
27752,outside,1710,854,1889,1022
27752,outside,1665,693,1909,889
27760,outside,1710,854,1889,1022
27760,outside,1665,693,1909,889
27789,outside,1710,854,1889,1022
27789,outside,1665,693,1909,889
27891,outside,1710,854,1889,1022
27891,outside,1665,693,1909,889
27892,outside,1710,854,1889,1022
27892,outside,1665,693,1909,889
27915,outside,1710,854,1889,1022
27915,outside,1665,693,1909,889
27915,outside,1412,182,1602,285
27996,outside,1710,854,1889,1022
27996,outside,1665,693,1909,889
27996,outside,1164,147,1363,245
28058,outside,1710,854,1889,1022
28058,outside,1665,693,1909,889
28058,outside,993,124,1192,208
28104,outside,1710,854,1889,1022
28104,outside,1665,693,1909,889
28104,outside,892,112,1083,201
28107,outside,1710,854,1889,1022
28107,outside,1665,693,1909,889
28107,outside,880,114,1075,202
28119,outside,1710,854,1889,1022
28119,outside,1665,693,1909,889
28119,outside,861,117,1046,196
28133,outside,1710,854,1889,1022
28133,outside,1665,693,1909,889
28133,outside,834,101,1016,190
28196,outside,1710,854,1889,1022
28196,outside,1665,693,1909,889
28196,outside,662,89,835,175
28203,outside,1710,854,1889,1022
28203,outside,1665,693,1909,889
28203,outside,636,88,808,175
28279,outside,1710,854,1889,1022
28279,outside,1665,693,1909,889
28279,outside,459,80,600,161
28295,outside,1710,854,1889,1022
28295,outside,1665,693,1909,889
28295,outside,420,84,560,158
28343,outside,1710,854,1889,1022
28343,outside,1665,693,1909,889
28343,outside,328,85,461,155
28441,outside,1710,854,1889,1022
28441,outside,1665,693,1909,889
28509,outside,1710,854,1889,1022
28509,outside,1665,693,1909,889
28522,outside,1710,854,1889,1022
28522,outside,1665,693,1909,889
28570,outside,1710,854,1889,1022
28570,outside,1665,693,1909,889
28575,outside,1710,854,1889,1022
28575,outside,1665,693,1909,889
28592,outside,1710,854,1889,1022
28592,outside,1665,693,1909,889
28596,outside,1710,854,1889,1022
28596,outside,1665,693,1909,889
28607,outside,1710,854,1889,1022
28607,outside,1665,693,1909,889
28629,outside,1710,854,1889,1022
28629,outside,1665,693,1909,889
28718,outside,1710,854,1889,1022
28718,outside,1665,693,1909,889
28741,outside,1710,854,1889,1022
28741,outside,1665,693,1909,889
28742,outside,1710,854,1889,1022
28742,outside,1665,693,1909,889
28746,outside,1710,854,1889,1022
28746,outside,1665,693,1909,889
28810,outside,1710,854,1889,1022
28810,outside,1665,693,1909,889
28857,outside,1710,854,1889,1022
28857,outside,1665,693,1909,889
28896,outside,1710,854,1889,1022
28896,outside,1665,693,1909,889
28896,outside,328,86,405,150
28982,outside,1710,854,1889,1022
28982,outside,1665,693,1909,889
28982,outside,374,79,522,153
28986,outside,1710,854,1889,1022
28986,outside,1665,693,1909,889
28986,outside,382,78,529,144
28999,outside,1710,854,1889,1022
28999,outside,1665,693,1909,889
28999,outside,408,79,551,150
29007,outside,1710,854,1889,1022
29007,outside,1665,693,1909,889
29007,outside,420,79,568,151
29011,outside,1710,854,1889,1022
29011,outside,1665,693,1909,889
29011,outside,429,80,573,152
29034,outside,1710,854,1889,1022
29034,outside,1665,693,1909,889
29034,outside,476,83,630,161
29044,outside,1710,854,1889,1022
29044,outside,1665,693,1909,889
29044,outside,494,76,654,162
29071,outside,1710,854,1889,1022
29071,outside,1665,693,1909,889
29071,outside,568,87,739,171
29071,outside,332,91,455,157
29253,outside,1710,854,1889,1022
29253,outside,1665,693,1909,889
29253,outside,1266,147,1468,256
29253,outside,394,287,501,451
29401,outside,1710,854,1889,1022
29401,outside,1665,693,1909,889
29401,outside,519,504,786,696
29430,outside,1710,854,1889,1022
29430,outside,1665,693,1909,889
29430,outside,547,518,828,715
29469,outside,1710,854,1889,1022
29469,outside,1665,693,1909,889
29469,outside,582,535,854,739
29525,outside,1710,854,1889,1022
29525,outside,1665,693,1909,889
29525,outside,636,575,865,841
29554,outside,1710,854,1889,1022
29554,outside,1665,693,1909,889
29573,outside,1710,854,1889,1022
29573,outside,1665,693,1909,889
29618,outside,1710,854,1889,1022
29618,outside,1665,693,1909,889
29744,outside,1710,854,1889,1022
29744,outside,1665,693,1909,889
29765,outside,1710,854,1889,1022
29765,outside,1665,693,1909,889
29766,outside,1710,854,1889,1022
29766,outside,1665,693,1909,889
29785,outside,1710,854,1889,1022
29785,outside,1665,693,1909,889
29829,outside,1710,854,1889,1022
29829,outside,1665,693,1909,889
29837,outside,1710,854,1889,1022
29837,outside,1665,693,1909,889
29849,outside,1710,854,1889,1022
29849,outside,1665,693,1909,889
29876,outside,1710,854,1889,1022
29876,outside,1665,693,1909,889
29944,outside,1710,854,1889,1022
29944,outside,1665,693,1909,889
29965,outside,1710,854,1889,1022
29965,outside,1665,693,1909,889
29994,outside,1710,854,1889,1022
29994,outside,1665,693,1909,889
30064,outside,1710,854,1889,1022
30064,outside,1665,693,1909,889
30101,outside,1710,854,1889,1022
30101,outside,1665,693,1909,889
30138,outside,1710,854,1889,1022
30138,outside,1665,693,1909,889
30138,outside,313,51,459,153
30159,outside,1710,854,1889,1022
30159,outside,1665,693,1909,889
30159,outside,318,45,518,150
30196,outside,1710,854,1889,1022
30196,outside,1665,693,1909,889
30196,outside,382,33,620,150
30271,outside,1710,854,1889,1022
30271,outside,1665,693,1909,889
30271,outside,557,38,811,156
30287,outside,1710,854,1889,1022
30287,outside,1665,693,1909,889
30287,outside,580,39,838,160
30306,outside,1710,854,1889,1022
30306,outside,1665,693,1909,889
30306,outside,605,38,871,165
30324,outside,1710,854,1889,1022
30324,outside,1665,693,1909,889
30324,outside,629,39,893,161
30348,outside,1710,854,1889,1022
30348,outside,1665,693,1909,889
30348,outside,656,44,920,168
30474,outside,1710,854,1889,1022
30474,outside,1665,693,1909,889
30474,outside,663,38,937,166
30480,outside,1710,854,1889,1022
30480,outside,1665,693,1909,889
30480,outside,663,38,937,166
30485,outside,1710,854,1889,1022
30485,outside,1665,693,1909,889
30485,outside,663,38,937,166
30495,outside,1710,854,1889,1022
30495,outside,1665,693,1909,889
30495,outside,663,38,937,166
30503,outside,1710,854,1889,1022
30503,outside,1665,693,1909,889
30503,outside,663,38,937,166
30506,outside,1710,854,1889,1022
30506,outside,1665,693,1909,889
30506,outside,663,38,937,166
30564,outside,1710,854,1889,1022
30564,outside,1665,693,1909,889
30564,outside,663,38,937,166
30636,outside,1710,854,1889,1022
30636,outside,1665,693,1909,889
30636,outside,663,38,937,166
30660,outside,1710,854,1889,1022
30660,outside,1665,693,1909,889
30660,outside,663,38,937,166
30704,outside,1710,854,1889,1022
30704,outside,1665,693,1909,889
30704,outside,663,38,937,166
30746,outside,1710,854,1889,1022
30746,outside,1665,693,1909,889
30746,outside,663,38,937,166
30792,outside,1710,854,1889,1022
30792,outside,1665,693,1909,889
30792,outside,663,38,937,166
30826,outside,1710,854,1889,1022
30826,outside,1665,693,1909,889
30826,outside,663,38,937,166
30832,outside,1710,854,1889,1022
30832,outside,1665,693,1909,889
30832,outside,663,38,937,166
30852,outside,1710,854,1889,1022
30852,outside,1665,693,1909,889
30852,outside,663,38,937,166
30864,outside,1710,854,1889,1022
30864,outside,1665,693,1909,889
30864,outside,663,38,937,166
30877,outside,1710,854,1889,1022
30877,outside,1665,693,1909,889
30877,outside,663,38,937,166
30977,outside,1710,854,1889,1022
30977,outside,1665,693,1909,889
30977,outside,663,38,937,166
31006,outside,1710,854,1889,1022
31006,outside,1665,693,1909,889
31006,outside,663,38,937,166
31026,outside,1710,854,1889,1022
31026,outside,1665,693,1909,889
31026,outside,663,38,937,166
31040,outside,1710,854,1889,1022
31040,outside,1665,693,1909,889
31040,outside,663,38,937,166
31045,outside,1710,854,1889,1022
31045,outside,1665,693,1909,889
31045,outside,663,38,937,166
31065,outside,1710,854,1889,1022
31065,outside,1665,693,1909,889
31065,outside,663,38,937,166
31138,outside,1710,854,1889,1022
31138,outside,1665,693,1909,889
31138,outside,663,38,937,166
31168,outside,1710,854,1889,1022
31168,outside,1665,693,1909,889
31168,outside,663,38,937,166
31178,outside,1710,854,1889,1022
31178,outside,1665,693,1909,889
31178,outside,663,38,937,166
31231,outside,1710,854,1889,1022
31231,outside,1665,693,1909,889
31231,outside,663,38,937,166
31276,outside,1710,854,1889,1022
31276,outside,1665,693,1909,889
31276,outside,663,38,937,166
31289,outside,1710,854,1889,1022
31289,outside,1665,693,1909,889
31289,outside,663,38,937,166
31338,outside,1710,854,1889,1022
31338,outside,1665,693,1909,889
31338,outside,663,38,937,166
31403,outside,1710,854,1889,1022
31403,outside,1665,693,1909,889
31403,outside,663,38,937,166
31576,outside,1710,854,1889,1022
31576,outside,1665,693,1909,889
31576,outside,663,38,937,166
31651,outside,1710,854,1889,1022
31651,outside,1665,693,1909,889
31651,outside,663,38,937,166
31716,outside,1710,854,1889,1022
31716,outside,1665,693,1909,889
31716,outside,663,38,937,166
31762,outside,1710,854,1889,1022
31762,outside,1665,693,1909,889
31762,outside,663,38,937,166
31788,outside,1710,854,1889,1022
31788,outside,1665,693,1909,889
31788,outside,663,38,937,166
31796,outside,1710,854,1889,1022
31796,outside,1665,693,1909,889
31796,outside,663,38,937,166
31842,outside,1710,854,1889,1022
31842,outside,1665,693,1909,889
31842,outside,663,38,937,166
31856,outside,1710,854,1889,1022
31856,outside,1665,693,1909,889
31856,outside,663,38,937,166
31857,outside,1710,854,1889,1022
31857,outside,1665,693,1909,889
31857,outside,663,38,937,166
31879,outside,1710,854,1889,1022
31879,outside,1665,693,1909,889
31879,outside,663,38,937,166
31924,outside,1710,854,1889,1022
31924,outside,1665,693,1909,889
31924,outside,663,38,937,166
31982,outside,1710,854,1889,1022
31982,outside,1665,693,1909,889
31982,outside,663,38,937,166
32026,outside,1710,854,1889,1022
32026,outside,1665,693,1909,889
32026,outside,663,38,937,166
32046,outside,1710,854,1889,1022
32046,outside,1665,693,1909,889
32046,outside,663,38,937,166
32049,outside,1710,854,1889,1022
32049,outside,1665,693,1909,889
32049,outside,663,38,937,166
32051,outside,1710,854,1889,1022
32051,outside,1665,693,1909,889
32051,outside,663,38,937,166
32155,outside,1710,854,1889,1022
32155,outside,1665,693,1909,889
32155,outside,663,38,937,166
32196,outside,1710,854,1889,1022
32196,outside,1665,693,1909,889
32196,outside,663,38,937,166
32200,outside,1710,854,1889,1022
32200,outside,1665,693,1909,889
32200,outside,676,39,949,169
32255,outside,1710,854,1889,1022
32255,outside,1665,693,1909,889
32255,outside,705,39,984,174
32257,outside,1710,854,1889,1022
32257,outside,1665,693,1909,889
32257,outside,705,39,984,174
32373,outside,1710,854,1889,1022
32373,outside,1665,693,1909,889
32373,outside,860,49,1143,188
32391,outside,1710,854,1889,1022
32391,outside,1665,693,1909,889
32391,outside,888,52,1182,201
32424,outside,1710,854,1889,1022
32424,outside,1665,693,1909,889
32424,outside,941,55,1240,207
32429,outside,1710,854,1889,1022
32429,outside,1665,693,1909,889
32429,outside,943,54,1246,206
32501,outside,1710,854,1889,1022
32501,outside,1665,693,1909,889
32501,outside,1050,63,1350,223
32691,outside,1710,854,1889,1022
32691,outside,1665,693,1909,889
32691,outside,1383,107,1588,257
32699,outside,1710,854,1889,1022
32699,outside,1665,693,1909,889
32699,outside,1392,106,1641,257
32747,outside,1710,854,1889,1022
32747,outside,1665,693,1909,889
32747,outside,1464,123,1599,268
32828,outside,1710,854,1889,1022
32828,outside,1665,693,1909,889
32836,outside,1710,854,1889,1022
32836,outside,1665,693,1909,889
32984,outside,1710,854,1889,1022
32984,outside,1665,693,1909,889
33111,outside,1710,854,1889,1022
33111,outside,1665,693,1909,889
33148,outside,1710,854,1889,1022
33148,outside,1665,693,1909,889
33152,outside,1710,854,1889,1022
33152,outside,1665,693,1909,889
33183,outside,1710,854,1889,1022
33183,outside,1665,693,1909,889
33188,outside,1710,854,1889,1022
33188,outside,1665,693,1909,889
33264,outside,1710,854,1889,1022
33264,outside,1665,693,1909,889
33264,outside,1212,122,1424,251
33300,outside,1710,854,1889,1022
33300,outside,1665,693,1909,889
33300,outside,1070,101,1297,222
33301,outside,1710,854,1889,1022
33301,outside,1665,693,1909,889
33301,outside,1070,101,1297,222
33305,outside,1710,854,1889,1022
33305,outside,1665,693,1909,889
33305,outside,1070,101,1297,222
33311,outside,1710,854,1889,1022
33311,outside,1665,693,1909,889
33311,outside,1040,95,1250,212
33338,outside,1710,854,1889,1022
33338,outside,1665,693,1909,889
33338,outside,958,90,1174,205
33379,outside,1710,854,1889,1022
33379,outside,1665,693,1909,889
33379,outside,865,71,1075,185
33414,outside,1710,854,1889,1022
33414,outside,1665,693,1909,889
33414,outside,800,64,989,165
33422,outside,1710,854,1889,1022
33422,outside,1665,693,1909,889
33422,outside,788,66,983,166
33530,outside,1710,854,1889,1022
33530,outside,1665,693,1909,889
33530,outside,652,51,837,147
33546,outside,1710,854,1889,1022
33546,outside,1665,693,1909,889
33546,outside,640,54,830,149
33725,outside,1710,854,1889,1022
33725,outside,1665,693,1909,889
33725,outside,640,54,830,149
33754,outside,1710,854,1889,1022
33754,outside,1665,693,1909,889
33754,outside,632,53,812,150
33810,outside,1710,854,1889,1022
33810,outside,1665,693,1909,889
33810,outside,632,53,812,150
33887,outside,1710,854,1889,1022
33887,outside,1665,693,1909,889
33887,outside,632,53,812,150
33949,outside,1710,854,1889,1022
33949,outside,1665,693,1909,889
33949,outside,632,53,812,150
33974,outside,1710,854,1889,1022
33974,outside,1665,693,1909,889
33974,outside,632,53,812,150
34006,outside,1710,854,1889,1022
34006,outside,1665,693,1909,889
34006,outside,632,53,812,150
34040,outside,1710,854,1889,1022
34040,outside,1663,695,1909,887
34040,outside,628,52,814,150
34103,outside,1710,854,1889,1022
34103,outside,629,51,813,145
34103,outside,1721,685,1909,884
34193,outside,1710,854,1889,1022
34193,outside,590,53,775,149
34223,outside,1710,854,1889,1022
34223,outside,570,50,746,145
34277,outside,1710,854,1889,1022
34277,outside,504,54,678,147
34291,outside,1710,854,1889,1022
34291,outside,488,56,657,147
34412,outside,1452,159,1655,277
34412,outside,326,64,452,152
34611,outside,1710,854,1889,1022
34611,outside,704,71,900,181
34694,outside,1710,854,1889,1022
34694,outside,477,68,644,159
34706,outside,1710,854,1889,1022
34706,outside,448,68,609,159
34787,outside,1710,854,1889,1022
34824,outside,1710,854,1889,1022
34837,outside,1710,854,1889,1022
34838,outside,1710,854,1889,1022
34941,outside,1710,854,1889,1022
34943,outside,1710,854,1889,1022
35034,outside,1710,854,1889,1022
35035,outside,1710,854,1889,1022
35148,outside,1710,854,1889,1022
35171,outside,1710,854,1889,1022
35172,outside,1710,854,1889,1022
35176,outside,1710,854,1889,1022
35220,outside,1710,854,1889,1022
35264,outside,1710,854,1889,1022
35299,outside,1710,854,1889,1022
35302,outside,1710,854,1889,1022
35317,outside,1710,854,1889,1022
35352,outside,1710,854,1889,1022
35369,outside,1710,854,1889,1022
35373,outside,1710,854,1889,1022
35378,outside,1710,854,1889,1022
35381,outside,1710,854,1889,1022
35418,outside,1710,854,1889,1022
35429,outside,1710,854,1889,1022
35457,outside,1710,854,1889,1022
35563,outside,1710,854,1889,1022
35563,outside,1280,560,1556,802
35589,outside,1710,854,1889,1022
35589,outside,1323,589,1627,820
35590,outside,1710,854,1889,1022
35590,outside,1323,589,1627,820
35630,outside,1710,854,1889,1022
35630,outside,1453,629,1746,810
35718,outside,1710,854,1889,1022
35718,outside,1782,578,1909,742
35743,outside,1710,854,1889,1022
35743,outside,1837,538,1909,699
35771,outside,1710,854,1889,1022
35785,outside,1710,854,1889,1022
35821,outside,1710,854,1889,1022
35935,outside,1710,854,1889,1022
35939,outside,1710,854,1889,1022
36023,outside,1710,854,1889,1022
36023,outside,1366,169,1559,260
36061,outside,1710,854,1889,1022
36061,outside,1242,156,1435,240
36081,outside,1710,854,1889,1022
36081,outside,1168,156,1365,236
36096,outside,1710,854,1889,1022
36096,outside,1112,143,1310,223
36100,outside,1710,854,1889,1022
36100,outside,1094,144,1295,220
36129,outside,1710,854,1889,1022
36129,outside,982,130,1183,211
36157,outside,1710,854,1889,1022
36157,outside,873,134,1063,201
36184,outside,1710,854,1889,1022
36184,outside,775,124,969,199
36205,outside,1710,854,1889,1022
36205,outside,710,104,896,193
36208,outside,1710,854,1889,1022
36208,outside,703,102,884,185
36222,outside,1710,854,1889,1022
36222,outside,668,107,839,183
36240,outside,1710,854,1889,1022
36240,outside,619,99,784,174
36286,outside,1710,854,1889,1022
36286,outside,509,87,659,160
36294,outside,1710,854,1889,1022
36294,outside,489,89,640,157
36302,outside,1710,854,1889,1022
36302,outside,474,87,618,154
36331,outside,1710,854,1889,1022
36331,outside,408,87,547,154
36363,outside,1710,854,1889,1022
36376,outside,1710,854,1889,1022
36414,outside,1710,854,1889,1022
36452,outside,1710,854,1889,1022
36454,outside,1710,854,1889,1022
36530,outside,1710,854,1889,1022
36560,outside,1710,854,1889,1022
36603,outside,1710,854,1889,1022
36659,outside,1710,854,1889,1022
36722,outside,1710,854,1889,1022
36789,outside,1710,854,1889,1022
36811,outside,1710,854,1889,1022
36819,outside,1710,854,1889,1022
36916,outside,1710,854,1889,1022
36916,outside,1518,201,1696,352
36926,outside,1710,854,1889,1022
36926,outside,1518,201,1696,352
36990,outside,1710,854,1889,1022
36990,outside,1499,191,1689,337
37017,outside,1710,854,1889,1022
37017,outside,1499,191,1689,337
37072,outside,1710,854,1889,1022
37072,outside,1562,218,1706,340
37118,outside,1710,854,1889,1022
37200,outside,1710,854,1889,1022
37212,outside,1710,854,1889,1022
37295,outside,1710,854,1889,1022
37326,outside,1710,854,1889,1022
37333,outside,1710,854,1889,1022
37364,outside,1710,854,1889,1022
37375,outside,1710,854,1889,1022
37453,outside,1710,854,1889,1022
37651,outside,1710,854,1889,1022
37651,outside,387,89,519,164
37726,outside,1710,854,1889,1022
37726,outside,448,105,588,190
37757,outside,1710,854,1889,1022
37757,outside,490,108,646,195
37758,outside,1710,854,1889,1022
37758,outside,490,108,646,195
37765,outside,1710,854,1889,1022
37765,outside,504,106,663,192
37792,outside,1710,854,1889,1022
37792,outside,563,115,736,202
37794,outside,1710,854,1889,1022
37794,outside,568,119,741,198
37817,outside,1710,854,1889,1022
37817,outside,633,119,816,203
37845,outside,1710,854,1889,1022
37845,outside,734,120,931,206
37867,outside,1710,854,1889,1022
37867,outside,822,125,1028,208
37954,outside,1710,854,1889,1022
37954,outside,1212,152,1413,235
37970,outside,1710,854,1889,1022
37970,outside,1274,150,1473,245
37987,outside,1710,854,1889,1022
37987,outside,1325,156,1523,258
38039,outside,1710,854,1889,1022
38039,outside,1433,174,1630,301
38079,outside,1710,854,1889,1022
38079,outside,1486,201,1669,350
38142,outside,1710,854,1889,1022
38205,outside,1710,854,1889,1022
38272,outside,1710,854,1889,1022
38281,outside,1710,854,1889,1022
38308,outside,1710,854,1889,1022
38314,outside,1710,854,1889,1022
38341,outside,1710,854,1889,1022
38390,outside,1710,854,1889,1022
38507,outside,1710,854,1889,1022
38507,outside,725,36,836,168
38585,outside,1710,854,1889,1022
38585,outside,725,36,836,168
38585,outside,1472,187,1631,273
38594,outside,1710,854,1889,1022
38594,outside,725,36,836,168
38594,outside,1438,183,1596,270
38599,outside,1710,854,1889,1022
38599,outside,725,36,836,168
38599,outside,1424,181,1577,273
38648,outside,1710,854,1889,1022
38648,outside,725,36,836,168
38648,outside,1259,151,1423,243
38669,outside,1710,854,1889,1022
38669,outside,725,36,836,168
38669,outside,1187,147,1353,233
38682,outside,1710,854,1889,1022
38682,outside,725,36,836,168
38682,outside,1144,147,1309,233
38728,outside,1710,854,1889,1022
38728,outside,725,36,836,168
38728,outside,984,133,1153,219
38820,outside,1710,854,1889,1022
38820,outside,725,36,836,168
38820,outside,698,133,870,218
38833,outside,1710,854,1889,1022
38833,outside,725,36,836,168
38833,outside,668,130,830,217
38858,outside,1710,854,1889,1022
38858,outside,725,36,836,168
38858,outside,611,127,774,215
38946,outside,1710,854,1889,1022
38946,outside,725,36,836,168
38946,outside,438,107,564,188
38992,outside,1710,854,1889,1022
38992,outside,725,36,836,168
38992,outside,370,96,479,166
39026,outside,1710,854,1889,1022
39026,outside,725,36,836,168
39026,outside,324,93,427,168
39053,outside,1710,854,1889,1022
39053,outside,725,36,836,168
39082,outside,1710,854,1889,1022
39082,outside,725,36,836,168
39097,outside,1710,854,1889,1022
39097,outside,725,36,836,168
39099,outside,1710,854,1889,1022
39099,outside,725,36,836,168
39116,outside,1710,854,1889,1022
39116,outside,725,36,836,168
39126,outside,1710,854,1889,1022
39126,outside,725,36,836,168
39141,outside,1710,854,1889,1022
39141,outside,725,36,836,168
39222,outside,1710,854,1889,1022
39222,outside,725,36,836,168
39282,outside,1710,854,1889,1022
39282,outside,725,36,836,168
39310,outside,1710,854,1889,1022
39310,outside,725,36,836,168
39378,outside,1710,854,1889,1022
39378,outside,725,36,836,168
39483,outside,1710,854,1889,1022
39483,outside,725,36,836,168
39564,outside,1710,854,1889,1022
39564,outside,725,36,836,168
39564,outside,382,73,536,168
39594,outside,1710,854,1889,1022
39594,outside,725,36,836,168
39594,outside,424,80,569,199
39595,outside,1710,854,1889,1022
39595,outside,725,36,836,168
39595,outside,424,80,569,199
39668,outside,1710,854,1889,1022
39668,outside,725,36,836,168
39668,outside,437,143,550,307
39737,outside,1710,854,1889,1022
39737,outside,725,36,836,168
39737,outside,417,162,545,338
39758,outside,1710,854,1889,1022
39758,outside,725,36,836,168
39758,outside,416,174,545,348
39765,outside,1710,854,1889,1022
39765,outside,725,36,836,168
39765,outside,416,174,545,348
39783,outside,1710,854,1889,1022
39783,outside,725,36,836,168
39783,outside,403,184,542,360
39788,outside,1710,854,1889,1022
39788,outside,725,36,836,168
39788,outside,403,184,542,360
39826,outside,1710,854,1889,1022
39826,outside,725,36,836,168
39826,outside,362,228,521,426
39933,outside,1710,854,1889,1022
39933,outside,725,36,836,168
39933,outside,406,423,690,668
39939,outside,1710,854,1889,1022
39939,outside,725,36,836,168
39939,outside,430,434,725,670
39950,outside,1710,854,1889,1022
39950,outside,725,36,836,168
39950,outside,467,447,785,681
39982,outside,1710,854,1889,1022
39982,outside,725,36,836,168
39982,outside,635,482,981,702
40028,outside,1710,854,1889,1022
40028,outside,725,36,836,168
40028,outside,896,513,1254,747
40090,outside,1710,854,1889,1022
40090,outside,725,36,836,168
40090,outside,1181,575,1545,851
40116,outside,1710,854,1889,1022
40116,outside,725,36,836,168
40116,outside,1294,613,1643,884
40180,outside,1710,854,1889,1022
40180,outside,725,36,836,168
40180,outside,1514,663,1825,876
40368,outside,1710,854,1889,1022
40368,outside,725,36,836,168
40368,outside,1560,672,1863,871
40394,outside,1710,854,1889,1022
40394,outside,725,36,836,168
40394,outside,1560,672,1863,871
40558,outside,1710,854,1889,1022
40558,outside,725,36,836,168
40558,outside,1560,672,1863,871
40565,outside,1710,854,1889,1022
40565,outside,725,36,836,168
40565,outside,1560,672,1863,871
40613,outside,1710,854,1889,1022
40613,outside,725,36,836,168
40613,outside,1560,672,1863,871
40621,outside,1710,854,1889,1022
40621,outside,725,36,836,168
40621,outside,1560,672,1863,871
40705,outside,1710,854,1889,1022
40705,outside,725,36,836,168
40705,outside,1560,672,1863,871
40729,outside,1710,854,1889,1022
40729,outside,725,36,836,168
40729,outside,1560,672,1863,871
40738,outside,1710,854,1889,1022
40738,outside,725,36,836,168
40738,outside,1560,672,1863,871
40749,outside,1710,854,1889,1022
40749,outside,725,36,836,168
40749,outside,1560,672,1863,871
40810,outside,1710,854,1889,1022
40810,outside,725,36,836,168
40810,outside,1560,672,1863,871
40810,outside,444,441,655,625
40834,outside,1710,854,1889,1022
40834,outside,725,36,836,168
40834,outside,1560,672,1863,871
40834,outside,384,461,581,619
40869,outside,1710,854,1889,1022
40869,outside,725,36,836,168
40869,outside,1560,672,1863,871
40869,outside,325,448,511,590
40993,outside,1710,854,1889,1022
40993,outside,725,36,836,168
40993,outside,1560,672,1863,871
40993,outside,372,217,469,324
41009,outside,1710,854,1889,1022
41009,outside,725,36,836,168
41009,outside,1560,672,1863,871
41009,outside,380,189,464,291
41016,outside,1710,854,1889,1022
41016,outside,725,36,836,168
41016,outside,1560,672,1863,871
41016,outside,389,181,468,280
41023,outside,1710,854,1889,1022
41023,outside,725,36,836,168
41023,outside,1560,672,1863,871
41023,outside,390,174,471,263
41104,outside,1710,854,1889,1022
41104,outside,725,36,836,168
41104,outside,1560,672,1863,871
41104,outside,392,101,467,170
41136,outside,1710,854,1889,1022
41136,outside,725,36,836,168
41136,outside,1560,672,1863,871
41136,outside,352,86,442,150
41150,outside,1710,854,1889,1022
41150,outside,725,36,836,168
41150,outside,1560,672,1863,871
41150,outside,332,89,421,149
41228,outside,1710,854,1889,1022
41228,outside,725,36,836,168
41228,outside,1560,672,1863,871
41281,outside,1710,854,1889,1022
41281,outside,725,36,836,168
41281,outside,1560,672,1863,871
41302,outside,1710,854,1889,1022
41302,outside,725,36,836,168
41302,outside,1560,672,1863,871
41319,outside,1710,854,1889,1022
41319,outside,725,36,836,168
41319,outside,1560,672,1863,871
